Business Name	Rating	Review Count	Phone	Website	Emails
Christie’s International Real Estate Dubai	4.9	14	+971 4 585 9074	christiesrealestatedubai.com	N/A
Metropolitan Premium Properties	4.7	629	+971 58 648 8888	metropolitan.realestate	N/A
Union Square House Real Estate	4.8	0	+971 4 458 9090	ushre.com	info@ushre.com
Dacha - Real Estate Agents in Dubai Marina	4.8	1448	+971 4 423 2006	dacha.ae	N/A
Harbor Real Estate Broker LLC	4.7	0	+971 4 325 1616	harbordubai.com	N/A
D&B Properties	4.9	0	+971 4 871 9200	dandbdubai.com	N/A
Next Level Real Estate - Award Winning Real Estate Agency in Dubai	4.5	116	+971 4 454 2828	nextlevelrealestate.ae	media@nextlevelrealestate.ae
Espace	4.7	1097	+971 4 306 9999	espace.ae	N/A
Abbasi One Real Estate Dubai	5.0	0	+971 55 670 2723	abbasione.com	N/A
HUAXIA REAL ESTATE BROKERS - DUBAI | 迪拜华夏地产	4.5	0	+971 4 589 7440	huaxia.ae	info@huaxia.ae
FIDU Properties	4.5	0	+971 800 299	fidudubai.com	N/A
Driven Properties LLC - HQ	4.5	0	+971 4 245 4800	drivenproperties.com	N/A
Arabian Estates - Real Estate Agency Dubai	4.8	0	+971 4 324 3137	arabianestates.ae	info@arabianestates.ae
DRE (Homes Real Estate)	4.5	660	+971 800 37373	drehomes.com	N/A
Excel Properties | Top Real Estate Broker in Dubai since 2001	4.7	0	+971 4 336 4447	excelproperties.ae	inquiry@excelproperties.ae
Edge Realty Real Estate	4.4	31	+971 50 243 9663	edgerealty.ae	N/A
Silver Keys Real Estate L.L.C - Real Estate Company in Dubai	4.1	0	+971 55 533 9696	silverkeys.ae	N/A
REAL DUBAI - Lovisa Homes Real Estate Broker LLC	5.0	0	N/A	real-dubai.com	hello@real-dubai.com
BSO - Real Estate Management LLC, Dubai, UAE	4.5	280	+971 4 279 9100	bso.ae	N/A
Tribeca Real Estate LLC	4.8	0	+971 55 227 1845	tribecadubai.com	info@tribecadubai.com, mail@example.com
Strada Real Estate Brokerage	4.8	296	+971 4 547 6400	stradauae.com	taha@seven52creative.com, info@stradauae.com
House & Hedges Real Estate - Head Office	4.7	412	+971 52 336 2441	houseandhedges.ae	info@houseandhedges.ae, hassan@houseandhedges.ae, jamie@houseandhedges.ae, handa@houseandhedges.ae, muhammadusman@houseandhedges.ae
Luxfolio Real Estate	4.6	388	+971 4 335 6007	luxfoliorealestate.ae	N/A
K Estates Dubai	4.9	88	+971 4 529 9724	N/A	N/A
Skyline International Real Estate Dubai	4.9	38	+971 56 563 4338	skylineinternationalrealestate.com	N/A
Xperience​ Realty Real Estate	4.9	447	+971 56 408 0888	xrealty.ae	N/A
ELITE Property Brokerage	4.9	332	+971 4 770 1087	elitepropertydxb.com	N/A
Homeland Realty Real Estate	4.9	213	+971 55 661 0000	homeland.ae	N/A
Tree House Real Estate Dubai	4.7	39	+971 4 554 8022	thetreehousere.com	N/A
Vera Real Estate LLC	4.8	69	+971 4 558 2006	verare.ae	N/A
Unique Zone Real Estate - Property for Rent and Sale in Dubai	4.6	57	+971 55 269 7381	uniquezone.realestate	N/A
99 Real Estate Brokers LLC	4.9	37	+971 800 289	99realestate.ae	N/A
THE CAPITAL Dubai	4.6	21	+971 4 608 6560	thecapitaldubai.com	N/A
Seven Skys Real Estate Dubai	4.4	44	+971 4 423 1104	sevenskys.ae	N/A
Forest Hills Dubai Real Estate	4.4	107	+971 52 481 7846	foresthillsdubai.com	N/A
Auric Acres Real Estate Brokers, Dubai, UAE	4.7	29	+971 52 957 8280	auric-acres.com	N/A
Emireum Properties | Real estate agency in dubai	4.8	21	+971 4 410 7429	emireumproperties.com	N/A
Smart Folks Real Estate Brokers	4.8	52	+971 55 282 8039	themegahub.in	N/A
Alexander Kaminsky Real Estate	5.0	129	+971 55 662 1503	atomic.ae	N/A
ALH Properties	4.7	221	+971 4 570 1303	alhprops.com	N/A
Coral Shore Real Estate Brokers - Dubai Branch	4.0	24	+971 4 388 5866	coralshoredubai.com	N/A
Visionary Real Estate	4.5	81	+971 50 524 6714	vision-ary.com	N/A
Loam Real Estate - Best Real Estate Agency in Dubai	4.4	60	+971 4 576 2722	loamrealestate.com	N/A
Magus Real Estate Brokers LLC	4.9	50	+971 4 303 9700	magusproperties.ae	info@magusproperties.ae
Silver Oak Properties | Real Estate Company in Dubai	4.8	92	+971 800 555555	silveroakglobal.com	info@silveroakglobal.com
Trillium Real Estate Dubai	4.9	42	+971 56 444 4105	trillium.ae	info@trillium.ae
Tesla Properties - Real Estate Company in Dubai	4.7	76	+971 4 585 3725	teslaproperties.ae	N/A
Seven Luxury Real Estate	4.6	22	+971 4 421 7770	sevenluxuryrealestate.com	N/A
Dubai Real Estate Corporation HQ	4.6	28	+971 4 398 6666	wasl.ae	N/A
Properties Exchange Real Estate	4.8	99	+971 4 330 3114	pedxb.com	N/A
Broeck Real Estate	4.9	40	+971 4 564 3109	broeckrealestate.com	N/A
Alba Homes - Real Estate Agency Dubai	4.5	44	+971 58 810 7254	alba.homes	info@alba.homes
TopLevel Real Estate Brokerage	4.6	22	+971 58 583 5333	top-level.ae	N/A
Homes 4 Life Real Estate	4.2	391	+971 4 338 7300	homes4life.ae	N/A
TheRealtorDubai Real Estate Brokerage LLC	5.0	123	+971 55 195 2518	therealtordubai.com	N/A
Best Real Estate Company in Dubai	4.6	20	+971 56 990 3621	dubaieurorealestate.com	N/A
RED. Real Estate in Dubai	4.9	28	+971 55 378 2443	redrealtydubai.com	N/A
ARK Real Estate Dubai	4.7	42	+971 58 627 8678	arkrealestatedubai.com	N/A
Housess Real Estate - Dubai Hills	4.7	58	+971 4 569 3020	housess.ae	info@housess.ae
Baron Luxe Real Estate LLC	4.9	175	+971 4 558 3354	blre.ae	%20info@blre.ae, info@blre.ae
Kharz Real Estate LLC - Real Estate Agency In Dubai - Flat For Sale | Office For Sale	5.0	17	+971 56 898 9229	kharz.ae	N/A
SEKENKOUM REAL ESTATE L.L.C	4.7	77	+971 58 513 0111	sekenkoum.com	N/A
Stone House Real Estate, Dubai	4.2	37	+971 56 843 8666	shre.ae	N/A
𝐃𝐒𝐐 𝐑𝐞𝐚𝐥 𝐄𝐬𝐭𝐚𝐭𝐞 - Real Estate Investment Consultant Dubai, Off Plan Properties in UAE	5.0	26	+971 4 224 8763	dsqrealestate.ae	N/A
Algebra Real Estate Broker LLC	4.9	12	+971 4 425 0019	algebra-property.com	N/A
Riseonic Realty Real Estate, Dubai	4.7	12	+971 4 874 7473	riseonic.ae	N/A
Aurantius Real Estate	4.5	66	+971 4 392 9715	aurantius.ae	N/A
Lone Wolf Real Estate, Dubai, U.A.E.	4.9	41	+971 4 394 4534	lonewolfdubai.com	N/A
Equity DXB Real Estate	4.7	124	+971 4 553 5095	equitydxb.com	info@equitydxb.com
Best Town Realty	5.0	88	+971 58 552 3700	bestownrealty.ae	N/A
AKT Real Estate DUBAI	4.4	37	+971 50 518 4986	aktrealestate.ae	N/A
Keller Williams Dubai	4.1	26	+971 600 525259	kwdubai.com	N/A
Realtree Properties - Leading Real Estate Agency in Dubai, UAE	4.6	95	+971 52 422 2906	realtree.ae	N/A
Miva Real Estate	5.0	36	+971 55 786 0987	miva.ae	N/A
Grand Vision Real Estate LLC | Dubai Property Consultants | Dubai Real Estate Agency | خرید ملک در دبی	4.6	43	+971 50 133 5111	grandvisionuae.com	N/A
Habico Properties Dubai	4.6	79	+971 4 321 5368	habicoproperties.com	admin@habicoproperties.com
Lucietti Real Estate | Dubai Real Estate	5.0	14	+971 54 514 4884	luciettirealestate.com	riccardo@luciettirealestate.com
Viking Real Estate Dubai	5.0	17	+971 4 325 1007	viking-realestate.ae	N/A
Danube Properties - Dubai	4.6	2711	+971 800 5757	danubeproperties.ae	N/A
Atlantis Real Estate	4.9	30	+971 55 737 7447	atlantisrealestate.ae	N/A
In Dubai Real Estate - Real Estate Agency In Dubai	5.0	2	+971 52 245 9998	N/A	N/A
La Capitale Real Estate	3.9	83	+971 50 888 5327	lacapitaledubai.com	N/A
Vihaan Real Estate Brokerage	5.0	36	+971 56 727 6363	vrebuae.com	devananda@vrebaue.com, devananda@vrebuae.com, devareddy16@gmail.com
Vierra Property Broker - Property Management & Supervision Company	4.7	202	+971 800 876	vpd.ae	N/A
fam Properties - Dubai Marina Branch	4.6	124	+971 4 369 1700	N/A	N/A
ECORP Real Estate	4.7	33	+971 55 837 6670	ecorprealestate.com	admin@ecorprealestate.com
Key To Success Real Estate Dubai	4.7	45	+971 50 235 2092	N/A	N/A
betterhomes - Dubai (Head Office)	4.2	952	+971 600 522233	bhomes.com	info@bhomes.com, customercare@bhomes.com
Potential Real Estate Dubai	3.8	171	+971 4 298 1001	potential-re.com	N/A
PearlStone Real Estate - Dubai	4.9	32	+971 55 897 9808	pearlstoneuae.com	N/A
Primedale Real Estate | Dubai Estate agent	5.0	53	+971 4 529 3974	primedale.ae	N/A
Zephyr Homes Real Estate Dubai	5.0	11	+971 50 228 8380	zephyrhomesdxb.com	impallari@gmail.com, luciano@latinotype.com, filler@godaddy.com, admin@zephyrhomesdxb.com, sales@zephyrhomesdxb.com
Synergy Properties Dubai	4.3	116	+971 4 452 9877	synergy.properties	N/A
Luxury Escapes Real Estate - Dubai Properties	4.4	29	+971 4 345 5867	luxury-escapes.com	N/A
DOMANSKY Real Estate - Dubai Luxury Apartments, Penthouses, Villas for Sale	5.0	11	+971 4 243 8653 ext. 113	domansky.ae	info@domansky.ae
HJ Real Estates | Real Estate Agents in Business Bay - Dubai	4.3	114	+971 4 326 2191	hjrealestates.com	info@hjrealestates.com
TEKCE Real Estate | Dubai Office	5.0	38	+971 52 421 6588	tekce.com	info@tekce.com
Ocean Front Real Estate LLC, Dubai	4.3	24	+971 4 242 4088	oceanfrontdubai.com	N/A
Dubai Real Estate Centre	4.2	153	+971 4 345 1111	drec.ae	N/A
Platinum Square Real Estate	5.0	35	+971 58 535 9315	platinumsquare.ae	N/A
DUBAI REAL ESTATE COUPLE	5.0	2	+971 50 508 4093	N/A	N/A
ASWAR REALESTATE DUBAI	4.0	31	+971 4 268 8815	N/A	N/A
White Sand Real Estate Management LLC	3.6	315	+971 4 232 8210	whitesand.ae	N/A
Daniels Real Estate | Dubai	5.0	24	+971 4 572 7712	danielsdubai.com	info@danielsdubai.com
Zameendar Real Estate Dubai	5.0	36	+971 50 404 0832	zameendar.ae	admin@zameendar.ae
Sapphire Sands - Real Estate Company in Dubai - Commercial Real Estate in Dubai - Property Developers in Dubai	5.0	16	+971 50 368 3834	sapphiresands.ae	N/A
Bab Alwaha Real Estate - Real Estate Agent Dubai	4.1	77	+971 52 888 3144	babalwaha.estate	N/A
Falcon Premier Real Estate	5.0	36	+971 54 279 1796	falconpremier.ae	N/A
Buy Sell Let Real Estate | Off-plan properties in dubai | Houses in dubai for sale | Freehold properties in Dubai	5.0	37	+971 55 241 8753	buyselllet.ae	N/A
PJ International Real Estate | Top Real Estate Agency in Dubai	5.0	8	+971 50 896 5707	pj-international.com	connect@pj-international.com